kind,template,reactants,products,k,k_unit,t_k,ea_kj_mol,ea_source,orders,solvent,solvent_class,ionic_strength_m,medium,ph_or_h_conc,source,table_or_page,doi,licence,extracted_by,checked_by,held_out,notes,status,value_basis
organic,base_ester_hydrolysis,O=COC;[OH-],O=C[O-];CO,36.6,M^-1 s^-1,298.15,40.00,E (ref 5),{},water,water,,aq,,"Mabey & Mill, J. Phys. Chem. Ref. Data 7, 383 (1978)","Table 4.8, p. 396",10.1063/1.555572,AIP / NIST SRD open reprint: flagged in docs/data-licences.md,"transcribed from the open reprint page images (this repository, 2026-10-08)",second read of the page image at 200 dpi,False,"methyl formate, kB. second methyl formate row; the first (28.6 at 293.3 K, dH 41.0) is not used",verified,measured
organic,base_ester_hydrolysis,O=COCC;[OH-],O=C[O-];CCO,25.7,M^-1 s^-1,298.15,37.40,E (ref 5),{},water,water,,aq,,"Mabey & Mill, J. Phys. Chem. Ref. Data 7, 383 (1978)","Table 4.8, p. 396",10.1063/1.555572,AIP / NIST SRD open reprint: flagged in docs/data-licences.md,"transcribed from the open reprint page images (this repository, 2026-10-08)",second read of the page image at 200 dpi,False,"ethyl formate, kB.",verified,measured
organic,base_ester_hydrolysis,O=COCCC;[OH-],O=C[O-];CCCO,22.8,M^-1 s^-1,298.15,35.60,E (ref 5),{},water,water,,aq,,"Mabey & Mill, J. Phys. Chem. Ref. Data 7, 383 (1978)","Table 4.8, p. 396",10.1063/1.555572,AIP / NIST SRD open reprint: flagged in docs/data-licences.md,"transcribed from the open reprint page images (this repository, 2026-10-08)",second read of the page image at 200 dpi,False,"propyl formate, kB.",verified,measured
organic,base_ester_hydrolysis,O=COCCCC;[OH-],O=C[O-];CCCCO,21.8,M^-1 s^-1,298.15,33.50,E (ref 5),{},water,water,,aq,,"Mabey & Mill, J. Phys. Chem. Ref. Data 7, 383 (1978)","Table 4.8, p. 396",10.1063/1.555572,AIP / NIST SRD open reprint: flagged in docs/data-licences.md,"transcribed from the open reprint page images (this repository, 2026-10-08)",second read of the page image at 200 dpi,True,"butyl formate, kB.",verified,measured
organic,base_ester_hydrolysis,CC(=O)OC;[OH-],CC(=O)[O-];CO,0.179,M^-1 s^-1,298.15,,,{},water,water,,aq,,"Mabey & Mill, J. Phys. Chem. Ref. Data 7, 383 (1978)","Table 4.8, p. 396",10.1063/1.555572,AIP / NIST SRD open reprint: flagged in docs/data-licences.md,"transcribed from the open reprint page images (this repository, 2026-10-08)",second read of the page image at 200 dpi,False,"methyl acetate, kB.",verified,measured
organic,base_ester_hydrolysis,CC(=O)OCC;[OH-],CC(=O)[O-];CCO,0.1077,M^-1 s^-1,298.15,,,{},water,water,,aq,,"Mabey & Mill, J. Phys. Chem. Ref. Data 7, 383 (1978)","Table 4.8, p. 396",10.1063/1.555572,AIP / NIST SRD open reprint: flagged in docs/data-licences.md,"transcribed from the open reprint page images (this repository, 2026-10-08)",second read of the page image at 200 dpi,False,"ethyl acetate, kB. ref 7; ref 12 gives 0.111",verified,measured
organic,base_ester_hydrolysis,CC(=O)OCCC;[OH-],CC(=O)[O-];CCCO,0.097,M^-1 s^-1,298.15,,,{},water,water,,aq,,"Mabey & Mill, J. Phys. Chem. Ref. Data 7, 383 (1978)","Table 4.8, p. 396",10.1063/1.555572,AIP / NIST SRD open reprint: flagged in docs/data-licences.md,"transcribed from the open reprint page images (this repository, 2026-10-08)",second read of the page image at 200 dpi,False,"propyl acetate, kB. ref 12; ref 10 gives 0.0655 at 293 K",verified,measured
organic,base_ester_hydrolysis,CC(=O)OCCCC;[OH-],CC(=O)[O-];CCCCO,0.065,M^-1 s^-1,293.20,46.84,dH 44.4 + RT (ref 8),{},water,water,,aq,,"Mabey & Mill, J. Phys. Chem. Ref. Data 7, 383 (1978)","Table 4.8, p. 396",10.1063/1.555572,AIP / NIST SRD open reprint: flagged in docs/data-licences.md,"transcribed from the open reprint page images (this repository, 2026-10-08)",second read of the page image at 200 dpi,False,"butyl acetate, kB. measured at 293.2 K (footnote d); 0.0705 at 293 K in ref 10",verified,measured
organic,base_ester_hydrolysis,CC(=O)OC(C)C;[OH-],CC(=O)[O-];CC(C)O,0.0262,M^-1 s^-1,298.15,,,{},water,water,,aq,,"Mabey & Mill, J. Phys. Chem. Ref. Data 7, 383 (1978)","Table 4.8, p. 396",10.1063/1.555572,AIP / NIST SRD open reprint: flagged in docs/data-licences.md,"transcribed from the open reprint page images (this repository, 2026-10-08)",second read of the page image at 200 dpi,False,"isopropyl acetate, kB.",verified,measured
organic,base_ester_hydrolysis,CC(=O)OC(C)CC;[OH-],CC(=O)[O-];CCC(C)O,0.01738,M^-1 s^-1,298.15,,,{},water,water,,aq,,"Mabey & Mill, J. Phys. Chem. Ref. Data 7, 383 (1978)","Table 4.8, p. 396",10.1063/1.555572,AIP / NIST SRD open reprint: flagged in docs/data-licences.md,"transcribed from the open reprint page images (this repository, 2026-10-08)",second read of the page image at 200 dpi,True,"sec-butyl acetate, kB.",verified,measured
organic,base_ester_hydrolysis,CC(=O)OC1CCCC1;[OH-],CC(=O)[O-];OC1CCCC1,0.026,M^-1 s^-1,294.10,52.25,dH 49.8 + RT (ref 8),{},water,water,,aq,,"Mabey & Mill, J. Phys. Chem. Ref. Data 7, 383 (1978)","Table 4.8, p. 396",10.1063/1.555572,AIP / NIST SRD open reprint: flagged in docs/data-licences.md,"transcribed from the open reprint page images (this repository, 2026-10-08)",second read of the page image at 200 dpi,False,"cyclopentyl acetate, kB. measured at 294.1 K (footnote e)",verified,measured
organic,base_ester_hydrolysis,CC(=O)OC(C)(C)C;[OH-],CC(=O)[O-];CC(C)(C)O,0.0015,M^-1 s^-1,298.15,,,{},water,water,,aq,,"Mabey & Mill, J. Phys. Chem. Ref. Data 7, 383 (1978)","Table 4.8, p. 396",10.1063/1.555572,AIP / NIST SRD open reprint: flagged in docs/data-licences.md,"transcribed from the open reprint page images (this repository, 2026-10-08)",second read of the page image at 200 dpi,False,"tert-butyl acetate, kB.",verified,measured
organic,base_ester_hydrolysis,CC(=O)OCC=C;[OH-],CC(=O)[O-];C=CCO,0.209,M^-1 s^-1,298.15,,,{},water,water,,aq,,"Mabey & Mill, J. Phys. Chem. Ref. Data 7, 383 (1978)","Table 4.8, p. 396",10.1063/1.555572,AIP / NIST SRD open reprint: flagged in docs/data-licences.md,"transcribed from the open reprint page images (this repository, 2026-10-08)",second read of the page image at 200 dpi,False,"allyl acetate, kB.",verified,measured
organic,base_ester_hydrolysis,CC(=O)OC(C)C=C;[OH-],CC(=O)[O-];C=CC(C)O,0.0717,M^-1 s^-1,298.15,,,{},water,water,,aq,,"Mabey & Mill, J. Phys. Chem. Ref. Data 7, 383 (1978)","Table 4.8, p. 396",10.1063/1.555572,AIP / NIST SRD open reprint: flagged in docs/data-licences.md,"transcribed from the open reprint page images (this repository, 2026-10-08)",second read of the page image at 200 dpi,False,"1-methylallyl acetate, kB.",verified,measured
organic,base_ester_hydrolysis,CC(=O)OC(C)(CC)C=C;[OH-],CC(=O)[O-];C=CC(C)(O)CC,0.004,M^-1 s^-1,298.15,,,{},water,water,,aq,,"Mabey & Mill, J. Phys. Chem. Ref. Data 7, 383 (1978)","Table 4.8, p. 396",10.1063/1.555572,AIP / NIST SRD open reprint: flagged in docs/data-licences.md,"transcribed from the open reprint page images (this repository, 2026-10-08)",second read of the page image at 200 dpi,False,"3-methylpent-1-en-3-yl acetate, kB.",verified,measured
organic,base_ester_hydrolysis,CC(=O)OC(C)C#C;[OH-],CC(=O)[O-];C#CC(C)O,0.365,M^-1 s^-1,298.15,,,{},water,water,,aq,,"Mabey & Mill, J. Phys. Chem. Ref. Data 7, 383 (1978)","Table 4.8, p. 396",10.1063/1.555572,AIP / NIST SRD open reprint: flagged in docs/data-licences.md,"transcribed from the open reprint page images (this repository, 2026-10-08)",second read of the page image at 200 dpi,False,"but-3-yn-2-yl acetate, kB.",verified,measured
organic,base_ester_hydrolysis,CC(=O)OCc1ccccc1;[OH-],CC(=O)[O-];OCc1ccccc1,0.197,M^-1 s^-1,298.15,,,{},water,water,,aq,,"Mabey & Mill, J. Phys. Chem. Ref. Data 7, 383 (1978)","Table 4.8, p. 396",10.1063/1.555572,AIP / NIST SRD open reprint: flagged in docs/data-licences.md,"transcribed from the open reprint page images (this repository, 2026-10-08)",second read of the page image at 200 dpi,False,"benzyl acetate, kB.",verified,measured
organic,base_ester_hydrolysis,CC(=O)Oc1ccccc1;[OH-],CC(=O)[O-];Oc1ccccc1,1.37,M^-1 s^-1,298.15,,,{},water,water,,aq,,"Mabey & Mill, J. Phys. Chem. Ref. Data 7, 383 (1978)","Table 4.8, p. 396",10.1063/1.555572,AIP / NIST SRD open reprint: flagged in docs/data-licences.md,"transcribed from the open reprint page images (this repository, 2026-10-08)",second read of the page image at 200 dpi,False,"phenyl acetate, kB. ref 10",verified,measured
organic,base_ester_hydrolysis,CC(=O)Oc1ccc([N+](=O)[O-])cc1[N+](=O)[O-];[OH-],CC(=O)[O-];O=[N+]([O-])c1ccc(O)c([N+](=O)[O-])c1,94,M^-1 s^-1,298.15,,,{},water,water,,aq,,"Mabey & Mill, J. Phys. Chem. Ref. Data 7, 383 (1978)","Table 4.8, p. 396",10.1063/1.555572,AIP / NIST SRD open reprint: flagged in docs/data-licences.md,"transcribed from the open reprint page images (this repository, 2026-10-08)",second read of the page image at 200 dpi,False,"2,4-dinitrophenyl acetate, kB. ref 9",verified,measured
organic,base_ester_hydrolysis,ClCC(=O)OCC;[OH-],O=C([O-])CCl;CCO,36.7,M^-1 s^-1,298.15,,,{},water,water,,aq,,"Mabey & Mill, J. Phys. Chem. Ref. Data 7, 383 (1978)","Table 4.8 (cont.), p. 397",10.1063/1.555572,AIP / NIST SRD open reprint: flagged in docs/data-licences.md,"transcribed from the open reprint page images (this repository, 2026-10-08)",second read of the page image at 200 dpi,False,"ethyl chloroacetate, kB.",verified,measured
organic,base_ester_hydrolysis,ClCC(=O)Oc1ccc([N+](=O)[O-])cc1;[OH-],O=C([O-])CCl;O=[N+]([O-])c1ccc(O)cc1,5920,M^-1 s^-1,298.15,,,{},water,water,,aq,,"Mabey & Mill, J. Phys. Chem. Ref. Data 7, 383 (1978)","Table 4.8 (cont.), p. 397",10.1063/1.555572,AIP / NIST SRD open reprint: flagged in docs/data-licences.md,"transcribed from the open reprint page images (this repository, 2026-10-08)",second read of the page image at 200 dpi,False,"4-nitrophenyl chloroacetate, kB.",verified,measured
organic,base_ester_hydrolysis,ClC(Cl)C(=O)OC;[OH-],O=C([O-])C(Cl)Cl;CO,2830,M^-1 s^-1,298.15,,,{},water,water,,aq,,"Mabey & Mill, J. Phys. Chem. Ref. Data 7, 383 (1978)","Table 4.8 (cont.), p. 397",10.1063/1.555572,AIP / NIST SRD open reprint: flagged in docs/data-licences.md,"transcribed from the open reprint page images (this repository, 2026-10-08)",second read of the page image at 200 dpi,False,"methyl dichloroacetate, kB.",verified,measured
organic,base_ester_hydrolysis,ClC(Cl)C(=O)OCC;[OH-],O=C([O-])C(Cl)Cl;CCO,883,M^-1 s^-1,298.15,,,{},water,water,,aq,,"Mabey & Mill, J. Phys. Chem. Ref. Data 7, 383 (1978)","Table 4.8 (cont.), p. 397",10.1063/1.555572,AIP / NIST SRD open reprint: flagged in docs/data-licences.md,"transcribed from the open reprint page images (this repository, 2026-10-08)",second read of the page image at 200 dpi,True,"ethyl dichloroacetate, kB.",verified,measured
organic,base_ester_hydrolysis,ClCC(=O)Oc1ccccc1;[OH-],O=C([O-])CCl;Oc1ccccc1,12800,M^-1 s^-1,298.15,,,{},water,water,,aq,,"Mabey & Mill, J. Phys. Chem. Ref. Data 7, 383 (1978)","Table 4.8 (cont.), p. 397",10.1063/1.555572,AIP / NIST SRD open reprint: flagged in docs/data-licences.md,"transcribed from the open reprint page images (this repository, 2026-10-08)",second read of the page image at 200 dpi,False,"phenyl chloroacetate, kB.",verified,measured
organic,base_ester_hydrolysis,FC(F)C(=O)OCC;[OH-],O=C([O-])C(F)F;CCO,4500,M^-1 s^-1,298.15,,,{},water,water,,aq,,"Mabey & Mill, J. Phys. Chem. Ref. Data 7, 383 (1978)","Table 4.8 (cont.), p. 397",10.1063/1.555572,AIP / NIST SRD open reprint: flagged in docs/data-licences.md,"transcribed from the open reprint page images (this repository, 2026-10-08)",second read of the page image at 200 dpi,False,"ethyl difluoroacetate, kB.",verified,measured
organic,base_ester_hydrolysis,CCOC(=O)CSC;[OH-],CSCC(=O)[O-];CCO,0.92,M^-1 s^-1,298.15,,,{},water,water,,aq,,"Mabey & Mill, J. Phys. Chem. Ref. Data 7, 383 (1978)","Table 4.8 (cont.), p. 397",10.1063/1.555572,AIP / NIST SRD open reprint: flagged in docs/data-licences.md,"transcribed from the open reprint page images (this repository, 2026-10-08)",second read of the page image at 200 dpi,False,"ethyl (methylthio)acetate, kB. ref 15",verified,measured
organic,base_ester_hydrolysis,CCOC(=O)CS(C)=O;[OH-],CS(=O)CC(=O)[O-];CCO,4.2,M^-1 s^-1,298.15,,,{},water,water,,aq,,"Mabey & Mill, J. Phys. Chem. Ref. Data 7, 383 (1978)","Table 4.8 (cont.), p. 397",10.1063/1.555572,AIP / NIST SRD open reprint: flagged in docs/data-licences.md,"transcribed from the open reprint page images (this repository, 2026-10-08)",second read of the page image at 200 dpi,False,"ethyl (methylsulfinyl)acetate, kB. ref 15",verified,measured
organic,base_ester_hydrolysis,CCOC(=O)CS(C)(=O)=O;[OH-],CS(=O)(=O)CC(=O)[O-];CCO,12.8,M^-1 s^-1,298.15,,,{},water,water,,aq,,"Mabey & Mill, J. Phys. Chem. Ref. Data 7, 383 (1978)","Table 4.8 (cont.), p. 397",10.1063/1.555572,AIP / NIST SRD open reprint: flagged in docs/data-licences.md,"transcribed from the open reprint page images (this repository, 2026-10-08)",second read of the page image at 200 dpi,False,"ethyl (methylsulfonyl)acetate, kB. ref 15",verified,measured
organic,base_ester_hydrolysis,CCC(=O)OCC;[OH-],CCC(=O)[O-];CCO,0.087,M^-1 s^-1,298.15,44.85,E (ref 18),{},water,water,,aq,,"Mabey & Mill, J. Phys. Chem. Ref. Data 7, 383 (1978)","Table 4.8 (cont.), p. 397",10.1063/1.555572,AIP / NIST SRD open reprint: flagged in docs/data-licences.md,"transcribed from the open reprint page images (this repository, 2026-10-08)",second read of the page image at 200 dpi,False,"ethyl propionate, kB. ref 17 gives 0.059 at 293 K",verified,measured
organic,base_ester_hydrolysis,CCCC(=O)OCC;[OH-],CCCC(=O)[O-];CCO,0.038,M^-1 s^-1,298.15,43.18,E (ref 18),{},water,water,,aq,,"Mabey & Mill, J. Phys. Chem. Ref. Data 7, 383 (1978)","Table 4.8 (cont.), p. 397",10.1063/1.555572,AIP / NIST SRD open reprint: flagged in docs/data-licences.md,"transcribed from the open reprint page images (this repository, 2026-10-08)",second read of the page image at 200 dpi,False,"ethyl butyrate, kB. ref 17 gives 0.035 at 293 K",verified,measured
organic,base_ester_hydrolysis,CC(C)C(=O)OCC;[OH-],CC(C)C(=O)[O-];CCO,0.023,M^-1 s^-1,293.20,42.55,E (ref 19),{},water,water,,aq,,"Mabey & Mill, J. Phys. Chem. Ref. Data 7, 383 (1978)","Table 4.8 (cont.), p. 397",10.1063/1.555572,AIP / NIST SRD open reprint: flagged in docs/data-licences.md,"transcribed from the open reprint page images (this repository, 2026-10-08)",second read of the page image at 200 dpi,False,"ethyl isobutyrate, kB. measured at 293.2 K (footnote d)",verified,measured
organic,base_ester_hydrolysis,C=CC(=O)OCC;[OH-],C=CC(=O)[O-];CCO,0.078,M^-1 s^-1,298.15,50.00,E (ref 20),{},water,water,,aq,,"Mabey & Mill, J. Phys. Chem. Ref. Data 7, 383 (1978)","Table 4.8 (cont.), p. 397",10.1063/1.555572,AIP / NIST SRD open reprint: flagged in docs/data-licences.md,"transcribed from the open reprint page images (this repository, 2026-10-08)",second read of the page image at 200 dpi,False,"ethyl acrylate, kB. ref 17 gives 0.064 at 293 K",verified,measured
organic,base_ester_hydrolysis,CC=CC(=O)OCC;[OH-],CC=CC(=O)[O-];CCO,0.013,M^-1 s^-1,298.15,53.22,E (ref 20),{},water,water,,aq,,"Mabey & Mill, J. Phys. Chem. Ref. Data 7, 383 (1978)","Table 4.8 (cont.), p. 397",10.1063/1.555572,AIP / NIST SRD open reprint: flagged in docs/data-licences.md,"transcribed from the open reprint page images (this repository, 2026-10-08)",second read of the page image at 200 dpi,False,"ethyl crotonate (trans), kB. trans; stereochemistry is not part of the structural key",verified,measured
organic,base_ester_hydrolysis,C#CC(=O)OCC;[OH-],C#CC(=O)[O-];CCO,4.68,M^-1 s^-1,298.15,51.30,E (ref 20),{},water,water,,aq,,"Mabey & Mill, J. Phys. Chem. Ref. Data 7, 383 (1978)","Table 4.8 (cont.), p. 397",10.1063/1.555572,AIP / NIST SRD open reprint: flagged in docs/data-licences.md,"transcribed from the open reprint page images (this repository, 2026-10-08)",second read of the page image at 200 dpi,False,"ethyl propiolate, kB.",verified,measured
organic,base_ester_hydrolysis,CC#CC(=O)OCC;[OH-],CC#CC(=O)[O-];CCO,0.568,M^-1 s^-1,298.15,53.16,E (ref 20),{},water,water,,aq,,"Mabey & Mill, J. Phys. Chem. Ref. Data 7, 383 (1978)","Table 4.8 (cont.), p. 397",10.1063/1.555572,AIP / NIST SRD open reprint: flagged in docs/data-licences.md,"transcribed from the open reprint page images (this repository, 2026-10-08)",second read of the page image at 200 dpi,True,"ethyl 2-butynoate, kB.",verified,measured
organic,acid_ester_hydrolysis_acid,CC(=O)OC;O,CC(=O)O;CO,0.0001133,M^-1 s^-1,298.15,,,{},water,water,,aq,,"Mabey & Mill, J. Phys. Chem. Ref. Data 7, 383 (1978)","Table 4.8, p. 396",10.1063/1.555572,AIP / NIST SRD open reprint: flagged in docs/data-licences.md,"transcribed from the open reprint page images (this repository, 2026-10-08)",second read of the page image at 200 dpi,False,"methyl acetate, kA (rate = kA [H+] [ester]).",verified,measured
organic,acid_ester_hydrolysis_acid,CC(=O)OCC;O,CC(=O)O;CCO,0.0001097,M^-1 s^-1,298.15,,,{},water,water,,aq,,"Mabey & Mill, J. Phys. Chem. Ref. Data 7, 383 (1978)","Table 4.8, p. 396",10.1063/1.555572,AIP / NIST SRD open reprint: flagged in docs/data-licences.md,"transcribed from the open reprint page images (this repository, 2026-10-08)",second read of the page image at 200 dpi,False,"ethyl acetate, kA (rate = kA [H+] [ester]).",verified,measured
organic,acid_ester_hydrolysis_acid,CC(=O)OCCC;O,CC(=O)O;CCCO,0.00011,M^-1 s^-1,298.15,,,{},water,water,,aq,,"Mabey & Mill, J. Phys. Chem. Ref. Data 7, 383 (1978)","Table 4.8, p. 396",10.1063/1.555572,AIP / NIST SRD open reprint: flagged in docs/data-licences.md,"transcribed from the open reprint page images (this repository, 2026-10-08)",second read of the page image at 200 dpi,False,"propyl acetate, kA (rate = kA [H+] [ester]).",verified,measured
organic,acid_ester_hydrolysis_acid,CC(=O)OCCCC;O,CC(=O)O;CCCCO,0.0001133,M^-1 s^-1,298.15,,,{},water,water,,aq,,"Mabey & Mill, J. Phys. Chem. Ref. Data 7, 383 (1978)","Table 4.8, p. 396",10.1063/1.555572,AIP / NIST SRD open reprint: flagged in docs/data-licences.md,"transcribed from the open reprint page images (this repository, 2026-10-08)",second read of the page image at 200 dpi,False,"butyl acetate, kA (rate = kA [H+] [ester]).",verified,measured
organic,acid_ester_hydrolysis_acid,CC(=O)OC(C)C;O,CC(=O)O;CC(C)O,6e-05,M^-1 s^-1,298.15,,,{},water,water,,aq,,"Mabey & Mill, J. Phys. Chem. Ref. Data 7, 383 (1978)","Table 4.8, p. 396",10.1063/1.555572,AIP / NIST SRD open reprint: flagged in docs/data-licences.md,"transcribed from the open reprint page images (this repository, 2026-10-08)",second read of the page image at 200 dpi,False,"isopropyl acetate, kA (rate = kA [H+] [ester]).",verified,measured
organic,acid_ester_hydrolysis_acid,CC(=O)OCc1ccccc1;O,CC(=O)O;OCc1ccccc1,0.000109,M^-1 s^-1,298.15,,,{},water,water,,aq,,"Mabey & Mill, J. Phys. Chem. Ref. Data 7, 383 (1978)","Table 4.8, p. 396",10.1063/1.555572,AIP / NIST SRD open reprint: flagged in docs/data-licences.md,"transcribed from the open reprint page images (this repository, 2026-10-08)",second read of the page image at 200 dpi,False,"benzyl acetate, kA (rate = kA [H+] [ester]).",verified,measured
organic,acid_ester_hydrolysis_acid,CC(=O)Oc1ccccc1;O,CC(=O)O;Oc1ccccc1,7.82e-05,M^-1 s^-1,298.15,,,{},water,water,,aq,,"Mabey & Mill, J. Phys. Chem. Ref. Data 7, 383 (1978)","Table 4.8, p. 396",10.1063/1.555572,AIP / NIST SRD open reprint: flagged in docs/data-licences.md,"transcribed from the open reprint page images (this repository, 2026-10-08)",second read of the page image at 200 dpi,False,"phenyl acetate, kA (rate = kA [H+] [ester]). ref 10",verified,measured
organic,acid_ester_hydrolysis_acid,ClC(Cl)C(=O)OC;O,O=C(O)C(Cl)Cl;CO,0.000233,M^-1 s^-1,298.15,,,{},water,water,,aq,,"Mabey & Mill, J. Phys. Chem. Ref. Data 7, 383 (1978)","Table 4.8 (cont.), p. 397",10.1063/1.555572,AIP / NIST SRD open reprint: flagged in docs/data-licences.md,"transcribed from the open reprint page images (this repository, 2026-10-08)",second read of the page image at 200 dpi,False,"methyl dichloroacetate, kA (rate = kA [H+] [ester]).",verified,measured
organic,acid_ester_hydrolysis_acid,CCC(=O)OCC;O,CCC(=O)O;CCO,3.3e-05,M^-1 s^-1,293.00,,,{},water,water,,aq,,"Mabey & Mill, J. Phys. Chem. Ref. Data 7, 383 (1978)","Table 4.8 (cont.), p. 397",10.1063/1.555572,AIP / NIST SRD open reprint: flagged in docs/data-licences.md,"transcribed from the open reprint page images (this repository, 2026-10-08)",second read of the page image at 200 dpi,False,"ethyl propionate, kA (rate = kA [H+] [ester]). measured at 293 K (footnote c)",verified,measured
organic,acid_ester_hydrolysis_acid,CCCC(=O)OCC;O,CCCC(=O)O;CCO,1.8e-05,M^-1 s^-1,293.00,,,{},water,water,,aq,,"Mabey & Mill, J. Phys. Chem. Ref. Data 7, 383 (1978)","Table 4.8 (cont.), p. 397",10.1063/1.555572,AIP / NIST SRD open reprint: flagged in docs/data-licences.md,"transcribed from the open reprint page images (this repository, 2026-10-08)",second read of the page image at 200 dpi,False,"ethyl butyrate, kA (rate = kA [H+] [ester]). measured at 293 K (footnote c)",verified,measured
organic,acid_ester_hydrolysis_acid,C=CC(=O)OCC;O,C=CC(=O)O;CCO,1.2e-06,M^-1 s^-1,293.00,,,{},water,water,,aq,,"Mabey & Mill, J. Phys. Chem. Ref. Data 7, 383 (1978)","Table 4.8 (cont.), p. 397",10.1063/1.555572,AIP / NIST SRD open reprint: flagged in docs/data-licences.md,"transcribed from the open reprint page images (this repository, 2026-10-08)",second read of the page image at 200 dpi,False,"ethyl acrylate, kA (rate = kA [H+] [ester]). measured at 293 K (footnote c)",verified,measured
organic,acid_ester_hydrolysis_acid,CC=CC(=O)OCC;O,CC=CC(=O)O;CCO,6.3e-06,M^-1 s^-1,293.00,,,{},water,water,,aq,,"Mabey & Mill, J. Phys. Chem. Ref. Data 7, 383 (1978)","Table 4.8 (cont.), p. 397",10.1063/1.555572,AIP / NIST SRD open reprint: flagged in docs/data-licences.md,"transcribed from the open reprint page images (this repository, 2026-10-08)",second read of the page image at 200 dpi,False,"ethyl crotonate (trans), kA (rate = kA [H+] [ester]). measured at 293 K (footnote c)",verified,measured
organic,amide_hydrolysis_acid,CC(N)=O;O,CC(=O)O;N,0.00103,M^-1 s^-1,348.00,83.19,dH_A + RT,{},water,water,,aq,,"Mabey & Mill, J. Phys. Chem. Ref. Data 7, 383 (1978)","Table 4.10, p. 401",10.1063/1.555572,AIP / NIST SRD open reprint: flagged in docs/data-licences.md,"transcribed from the open reprint page images (this repository, 2026-10-08)",second read of the page image at 200 dpi,False,"acetamide, kA at 348 K (rate = kA [H+] [amide])",verified,measured
organic,amide_hydrolysis_acid,CCC(N)=O;O,CCC(=O)O;N,0.0012,M^-1 s^-1,348.00,78.59,dH_A + RT,{},water,water,,aq,,"Mabey & Mill, J. Phys. Chem. Ref. Data 7, 383 (1978)","Table 4.10, p. 401",10.1063/1.555572,AIP / NIST SRD open reprint: flagged in docs/data-licences.md,"transcribed from the open reprint page images (this repository, 2026-10-08)",second read of the page image at 200 dpi,False,"propionamide, kA at 348 K (rate = kA [H+] [amide])",verified,measured
organic,amide_hydrolysis_acid,CCCCC(N)=O;O,CCCCC(=O)O;N,0.000593,M^-1 s^-1,348.00,81.09,dH_A + RT,{},water,water,,aq,,"Mabey & Mill, J. Phys. Chem. Ref. Data 7, 383 (1978)","Table 4.10, p. 401",10.1063/1.555572,AIP / NIST SRD open reprint: flagged in docs/data-licences.md,"transcribed from the open reprint page images (this repository, 2026-10-08)",second read of the page image at 200 dpi,True,"valeramide, kA at 348 K (rate = kA [H+] [amide])",verified,measured
organic,amide_hydrolysis_acid,CC(C)CC(N)=O;O,CC(C)CC(=O)O;N,0.000129,M^-1 s^-1,348.00,84.59,dH_A + RT,{},water,water,,aq,,"Mabey & Mill, J. Phys. Chem. Ref. Data 7, 383 (1978)","Table 4.10, p. 401",10.1063/1.555572,AIP / NIST SRD open reprint: flagged in docs/data-licences.md,"transcribed from the open reprint page images (this repository, 2026-10-08)",second read of the page image at 200 dpi,False,"isovaleramide, kA at 348 K (rate = kA [H+] [amide])",verified,measured
organic,amide_hydrolysis_acid,NC(=O)Cc1ccccc1;O,O=C(O)Cc1ccccc1;N,0.000519,M^-1 s^-1,348.00,78.19,dH_A + RT,{},water,water,,aq,,"Mabey & Mill, J. Phys. Chem. Ref. Data 7, 383 (1978)","Table 4.10, p. 401",10.1063/1.555572,AIP / NIST SRD open reprint: flagged in docs/data-licences.md,"transcribed from the open reprint page images (this repository, 2026-10-08)",second read of the page image at 200 dpi,False,"phenylacetamide, kA at 348 K (rate = kA [H+] [amide])",verified,measured
organic,amide_hydrolysis_acid,COCC(N)=O;O,COCC(=O)O;N,0.000898,M^-1 s^-1,348.00,81.99,dH_A + RT,{},water,water,,aq,,"Mabey & Mill, J. Phys. Chem. Ref. Data 7, 383 (1978)","Table 4.10, p. 401",10.1063/1.555572,AIP / NIST SRD open reprint: flagged in docs/data-licences.md,"transcribed from the open reprint page images (this repository, 2026-10-08)",second read of the page image at 200 dpi,False,"methoxyacetamide, kA at 348 K (rate = kA [H+] [amide])",verified,measured
organic,amide_hydrolysis_acid,ClCC(N)=O;O,O=C(O)CCl;N,0.00121,M^-1 s^-1,348.00,81.09,dH_A + RT,{},water,water,,aq,,"Mabey & Mill, J. Phys. Chem. Ref. Data 7, 383 (1978)","Table 4.10, p. 401",10.1063/1.555572,AIP / NIST SRD open reprint: flagged in docs/data-licences.md,"transcribed from the open reprint page images (this repository, 2026-10-08)",second read of the page image at 200 dpi,False,"chloroacetamide, kA at 348 K (rate = kA [H+] [amide])",verified,measured
organic,amide_hydrolysis_acid,BrCC(N)=O;O,O=C(O)CBr;N,0.000479,M^-1 s^-1,348.00,80.29,dH_A + RT,{},water,water,,aq,,"Mabey & Mill, J. Phys. Chem. Ref. Data 7, 383 (1978)","Table 4.10, p. 401",10.1063/1.555572,AIP / NIST SRD open reprint: flagged in docs/data-licences.md,"transcribed from the open reprint page images (this repository, 2026-10-08)",second read of the page image at 200 dpi,False,"bromoacetamide, kA at 348 K (rate = kA [H+] [amide])",verified,measured
organic,amide_hydrolysis_acid,NC(=O)C1CCCCC1;O,O=C(O)C1CCCCC1;N,0.000396,M^-1 s^-1,348.00,87.49,dH_A + RT,{},water,water,,aq,,"Mabey & Mill, J. Phys. Chem. Ref. Data 7, 383 (1978)","Table 4.10, p. 401",10.1063/1.555572,AIP / NIST SRD open reprint: flagged in docs/data-licences.md,"transcribed from the open reprint page images (this repository, 2026-10-08)",second read of the page image at 200 dpi,False,"cyclohexanecarboxamide, kA at 348 K (rate = kA [H+] [amide])",verified,measured
organic,amide_hydrolysis_acid,CCC(C)C(N)=O;O,CCC(C)C(=O)O;N,0.000151,M^-1 s^-1,348.00,89.89,dH_A + RT,{},water,water,,aq,,"Mabey & Mill, J. Phys. Chem. Ref. Data 7, 383 (1978)","Table 4.10, p. 401",10.1063/1.555572,AIP / NIST SRD open reprint: flagged in docs/data-licences.md,"transcribed from the open reprint page images (this repository, 2026-10-08)",second read of the page image at 200 dpi,False,"2-methylbutanamide, kA at 348 K (rate = kA [H+] [amide])",verified,measured
organic,amide_hydrolysis_acid,CC(=O)NC;O,CC(=O)O;CN,5.82e-05,M^-1 s^-1,348.00,89.89,dH_A + RT,{},water,water,,aq,,"Mabey & Mill, J. Phys. Chem. Ref. Data 7, 383 (1978)","Table 4.10, p. 401",10.1063/1.555572,AIP / NIST SRD open reprint: flagged in docs/data-licences.md,"transcribed from the open reprint page images (this repository, 2026-10-08)",second read of the page image at 200 dpi,True,"N-methylacetamide, kA at 348 K (rate = kA [H+] [amide])",verified,measured
organic,amide_hydrolysis_acid,CC(=O)NCC;O,CC(=O)O;CCN,2.33e-05,M^-1 s^-1,348.00,95.39,dH_A + RT,{},water,water,,aq,,"Mabey & Mill, J. Phys. Chem. Ref. Data 7, 383 (1978)","Table 4.10, p. 401",10.1063/1.555572,AIP / NIST SRD open reprint: flagged in docs/data-licences.md,"transcribed from the open reprint page images (this repository, 2026-10-08)",second read of the page image at 200 dpi,False,"N-ethylacetamide, kA at 348 K (rate = kA [H+] [amide])",verified,measured
organic,amide_hydrolysis_acid,CC(=O)N(C)C;O,CC(=O)O;CNC,6.54e-05,M^-1 s^-1,348.00,84.49,dH_A + RT,{},water,water,,aq,,"Mabey & Mill, J. Phys. Chem. Ref. Data 7, 383 (1978)","Table 4.10, p. 401",10.1063/1.555572,AIP / NIST SRD open reprint: flagged in docs/data-licences.md,"transcribed from the open reprint page images (this repository, 2026-10-08)",second read of the page image at 200 dpi,False,"N,N-dimethylacetamide, kA at 348 K (rate = kA [H+] [amide])",verified,measured
organic,amide_hydrolysis_acid,CC(=O)N(C)CC;O,CC(=O)O;CCNC,1.02e-05,M^-1 s^-1,348.00,,,{},water,water,,aq,,"Mabey & Mill, J. Phys. Chem. Ref. Data 7, 383 (1978)","Table 4.10, p. 401",10.1063/1.555572,AIP / NIST SRD open reprint: flagged in docs/data-licences.md,"transcribed from the open reprint page images (this repository, 2026-10-08)",second read of the page image at 200 dpi,False,"N-ethyl-N-methylacetamide, kA at 348 K (rate = kA [H+] [amide])",verified,measured
organic,amide_hydrolysis_acid,CC(=O)N(CC)CC;O,CC(=O)O;CCNCC,2.27e-06,M^-1 s^-1,348.00,,,{},water,water,,aq,,"Mabey & Mill, J. Phys. Chem. Ref. Data 7, 383 (1978)","Table 4.10, p. 401",10.1063/1.555572,AIP / NIST SRD open reprint: flagged in docs/data-licences.md,"transcribed from the open reprint page images (this repository, 2026-10-08)",second read of the page image at 200 dpi,True,"N,N-diethylacetamide, kA at 348 K (rate = kA [H+] [amide])",verified,measured
organic,halide_neutral_hydrolysis,CCl;O,CO;[H+];[Cl-],2.37e-08,s^-1,298.15,,,{},water,water,,aq,,"Mabey & Mill, J. Phys. Chem. Ref. Data 7, 383 (1978)","Table 5.2, p. 408",10.1063/1.555572,AIP / NIST SRD open reprint: flagged in docs/data-licences.md,"transcribed from the open reprint page images (this repository, 2026-10-08)",second read of the page image at 200 dpi,False,"chloromethane, kN at 298 K (evaluated by the review)",verified,evaluated at 298 K by the review from its tabulated temperature coefficients
organic,halide_neutral_hydrolysis,CBr;O,CO;[H+];[Br-],4.09e-07,s^-1,298.15,108.36,dH(298.15) + RT from Table 4.1 dH(323.2) and dCp,{},water,water,,aq,,"Mabey & Mill, J. Phys. Chem. Ref. Data 7, 383 (1978)","Table 5.2, p. 408",10.1063/1.555572,AIP / NIST SRD open reprint: flagged in docs/data-licences.md,"transcribed from the open reprint page images (this repository, 2026-10-08)",second read of the page image at 200 dpi,False,"bromomethane, kN at 298 K (evaluated by the review)",verified,evaluated at 298 K by the review from its tabulated temperature coefficients
organic,halide_neutral_hydrolysis,CI;O,CO;[H+];[I-],7.28e-08,s^-1,298.15,117.02,dH(298.15) + RT from Table 4.1 dH(323.2) and dCp,{},water,water,,aq,,"Mabey & Mill, J. Phys. Chem. Ref. Data 7, 383 (1978)","Table 5.2, p. 408",10.1063/1.555572,AIP / NIST SRD open reprint: flagged in docs/data-licences.md,"transcribed from the open reprint page images (this repository, 2026-10-08)",second read of the page image at 200 dpi,False,"iodomethane, kN at 298 K (evaluated by the review)",verified,evaluated at 298 K by the review from its tabulated temperature coefficients
organic,halide_neutral_hydrolysis,CCCl;O,CCO;[H+];[Cl-],2.1e-07,s^-1,298.15,,,{},water,water,,aq,,"Mabey & Mill, J. Phys. Chem. Ref. Data 7, 383 (1978)","Table 5.2, p. 408",10.1063/1.555572,AIP / NIST SRD open reprint: flagged in docs/data-licences.md,"transcribed from the open reprint page images (this repository, 2026-10-08)",second read of the page image at 200 dpi,False,"chloroethane, kN at 298 K (evaluated by the review)",verified,evaluated at 298 K by the review from its tabulated temperature coefficients
organic,halide_neutral_hydrolysis,CCBr;O,CCO;[H+];[Br-],2.64e-07,s^-1,298.15,,,{},water,water,,aq,,"Mabey & Mill, J. Phys. Chem. Ref. Data 7, 383 (1978)","Table 5.2, p. 408",10.1063/1.555572,AIP / NIST SRD open reprint: flagged in docs/data-licences.md,"transcribed from the open reprint page images (this repository, 2026-10-08)",second read of the page image at 200 dpi,False,"bromoethane, kN at 298 K (evaluated by the review)",verified,evaluated at 298 K by the review from its tabulated temperature coefficients
organic,halide_neutral_hydrolysis,CCI;O,CCO;[H+];[I-],1.62e-07,s^-1,298.15,114.81,dH(298.15) + RT from Table 4.1 dH(323.2) and dCp,{},water,water,,aq,,"Mabey & Mill, J. Phys. Chem. Ref. Data 7, 383 (1978)","Table 5.2, p. 408",10.1063/1.555572,AIP / NIST SRD open reprint: flagged in docs/data-licences.md,"transcribed from the open reprint page images (this repository, 2026-10-08)",second read of the page image at 200 dpi,True,"iodoethane, kN at 298 K (evaluated by the review)",verified,evaluated at 298 K by the review from its tabulated temperature coefficients
organic,halide_neutral_hydrolysis,CCCBr;O,CCCO;[H+];[Br-],3.04e-07,s^-1,298.15,105.11,dH(298.15) + RT from Table 4.1 dH(323.2) and dCp,{},water,water,,aq,,"Mabey & Mill, J. Phys. Chem. Ref. Data 7, 383 (1978)","Table 5.2, p. 408",10.1063/1.555572,AIP / NIST SRD open reprint: flagged in docs/data-licences.md,"transcribed from the open reprint page images (this repository, 2026-10-08)",second read of the page image at 200 dpi,False,"1-bromopropane, kN at 298 K (evaluated by the review)",verified,evaluated at 298 K by the review from its tabulated temperature coefficients
organic,sn1_solvolysis,CC(C)Cl;O,CC(C)O;[H+];[Cl-],2.12e-07,s^-1,298.15,110.91,dH(298.15) + RT from Table 4.1 dH(323.2) and dCp,{},water,water,,aq,,"Mabey & Mill, J. Phys. Chem. Ref. Data 7, 383 (1978)","Table 5.2, p. 408",10.1063/1.555572,AIP / NIST SRD open reprint: flagged in docs/data-licences.md,"transcribed from the open reprint page images (this repository, 2026-10-08)",second read of the page image at 200 dpi,False,"2-chloropropane, kN at 298 K (evaluated by the review)",verified,evaluated at 298 K by the review from its tabulated temperature coefficients
organic,sn1_solvolysis,CC(C)Br;O,CC(C)O;[H+];[Br-],3.86e-06,s^-1,298.15,110.29,dH(298.15) + RT from Table 4.1 dH(323.2) and dCp,{},water,water,,aq,,"Mabey & Mill, J. Phys. Chem. Ref. Data 7, 383 (1978)","Table 5.2, p. 408",10.1063/1.555572,AIP / NIST SRD open reprint: flagged in docs/data-licences.md,"transcribed from the open reprint page images (this repository, 2026-10-08)",second read of the page image at 200 dpi,False,"2-bromopropane, kN at 298 K (evaluated by the review)",verified,evaluated at 298 K by the review from its tabulated temperature coefficients
organic,sn1_solvolysis,CC(C)I;O,CC(C)O;[H+];[I-],2.77e-06,s^-1,298.15,115.47,dH(298.15) + RT from Table 4.1 dH(323.2) and dCp,{},water,water,,aq,,"Mabey & Mill, J. Phys. Chem. Ref. Data 7, 383 (1978)","Table 5.2, p. 408",10.1063/1.555572,AIP / NIST SRD open reprint: flagged in docs/data-licences.md,"transcribed from the open reprint page images (this repository, 2026-10-08)",second read of the page image at 200 dpi,False,"2-iodopropane, kN at 298 K (evaluated by the review)",verified,evaluated at 298 K by the review from its tabulated temperature coefficients
organic,sn1_solvolysis,CC(C)(C)Cl;O,CC(C)(C)O;[H+];[Cl-],0.0302,s^-1,298.15,98.99,dH(298.15) + RT from Table 4.1 dH(323.2) and dCp,{},water,water,,aq,,"Mabey & Mill, J. Phys. Chem. Ref. Data 7, 383 (1978)","Table 5.2, p. 408",10.1063/1.555572,AIP / NIST SRD open reprint: flagged in docs/data-licences.md,"transcribed from the open reprint page images (this repository, 2026-10-08)",second read of the page image at 200 dpi,False,"tert-butyl chloride, kN at 298 K (evaluated by the review)",verified,evaluated at 298 K by the review from its tabulated temperature coefficients
organic,halide_neutral_hydrolysis,ClCc1ccccc1;O,OCc1ccccc1;[H+];[Cl-],1.28e-05,s^-1,298.15,,,{},water,water,,aq,,"Mabey & Mill, J. Phys. Chem. Ref. Data 7, 383 (1978)","Table 5.1, p. 408",10.1063/1.555572,AIP / NIST SRD open reprint: flagged in docs/data-licences.md,"transcribed from the open reprint page images (this repository, 2026-10-08)",second read of the page image at 200 dpi,False,"benzyl chloride, kN at 298 K (evaluated by the review)",verified,evaluated at 298 K by the review from its tabulated temperature coefficients
organic,sn2_substitution,CCl;[OH-],CO;[Cl-],6.18e-06,M^-1 s^-1,298.15,101.70,"E_A (Table 4.2, measured at 373 K)",{},water,water,,aq,,"Mabey & Mill, J. Phys. Chem. Ref. Data 7, 383 (1978)","Table 5.1, p. 408",10.1063/1.555572,AIP / NIST SRD open reprint: flagged in docs/data-licences.md,"transcribed from the open reprint page images (this repository, 2026-10-08)",second read of the page image at 200 dpi,False,chloromethane + OH-: kB[OH-] = 6.18e-13 s-1 at pH 7 divided by [OH-] = 1e-7 M; E_A and log A = 12.614 from Table 4.2 (kB measured at 373 K),verified,evaluated at 298 K by the review from its Arrhenius parameters (Table 4.2)
organic,sn2_substitution,CBr;[OH-],CO;[Br-],0.000141,M^-1 s^-1,298.15,96.30,"E_A (Table 4.2, measured at 373 K)",{},water,water,,aq,,"Mabey & Mill, J. Phys. Chem. Ref. Data 7, 383 (1978)","Table 5.1, p. 408",10.1063/1.555572,AIP / NIST SRD open reprint: flagged in docs/data-licences.md,"transcribed from the open reprint page images (this repository, 2026-10-08)",second read of the page image at 200 dpi,False,bromomethane + OH-: kB[OH-] = 1.41e-11 s-1 at pH 7 divided by [OH-] = 1e-7 M; E_A and log A = 13.017 from Table 4.2 (kB measured at 373 K),verified,evaluated at 298 K by the review from its Arrhenius parameters (Table 4.2)
organic,sn2_substitution,CI;[OH-],CO;[I-],6.47e-05,M^-1 s^-1,298.15,92.90,"E_A (Table 4.2, measured at 373 K)",{},water,water,,aq,,"Mabey & Mill, J. Phys. Chem. Ref. Data 7, 383 (1978)","Table 5.1, p. 408",10.1063/1.555572,AIP / NIST SRD open reprint: flagged in docs/data-licences.md,"transcribed from the open reprint page images (this repository, 2026-10-08)",second read of the page image at 200 dpi,False,iodomethane + OH-: kB[OH-] = 6.47e-12 s-1 at pH 7 divided by [OH-] = 1e-7 M; E_A and log A = 12.093 from Table 4.2 (kB measured at 373 K),verified,evaluated at 298 K by the review from its Arrhenius parameters (Table 4.2)
organic,halide_neutral_hydrolysis,Cc1ccc(CCl)cc1;O,Cc1ccc(CO)cc1;[H+];[Cl-],0.000862,s^-1,303.00,,,{},water,water,,aq,,"Mabey & Mill, J. Phys. Chem. Ref. Data 7, 383 (1978)","Table 4.6, p. 392",10.1063/1.555572,AIP / NIST SRD open reprint: flagged in docs/data-licences.md,"transcribed from the open reprint page images (this repository, 2026-10-08)",second read of the page image at 200 dpi,False,"4-methylbenzyl chloride, kN at 303.0 K.",verified,measured
organic,halide_neutral_hydrolysis,BrCc1ccccc1;O,OCc1ccccc1;[H+];[Br-],0.000275,s^-1,303.00,,,{},water,water,,aq,,"Mabey & Mill, J. Phys. Chem. Ref. Data 7, 383 (1978)","Table 4.6, p. 392",10.1063/1.555572,AIP / NIST SRD open reprint: flagged in docs/data-licences.md,"transcribed from the open reprint page images (this repository, 2026-10-08)",second read of the page image at 200 dpi,True,"benzyl bromide, kN at 303.0 K.",verified,measured
organic,halide_neutral_hydrolysis,Cc1ccc(CBr)cc1;O,Cc1ccc(CO)cc1;[H+];[Br-],0.001406,s^-1,293.00,,,{},water,water,,aq,,"Mabey & Mill, J. Phys. Chem. Ref. Data 7, 383 (1978)","Table 4.6, p. 392",10.1063/1.555572,AIP / NIST SRD open reprint: flagged in docs/data-licences.md,"transcribed from the open reprint page images (this repository, 2026-10-08)",second read of the page image at 200 dpi,False,"4-methylbenzyl bromide, kN at 293.0 K.",verified,measured
organic,halide_neutral_hydrolysis,Cc1ccccc1CBr;O,Cc1ccccc1CO;[H+];[Br-],0.00056,s^-1,293.00,,,{},water,water,,aq,,"Mabey & Mill, J. Phys. Chem. Ref. Data 7, 383 (1978)","Table 4.6, p. 392",10.1063/1.555572,AIP / NIST SRD open reprint: flagged in docs/data-licences.md,"transcribed from the open reprint page images (this repository, 2026-10-08)",second read of the page image at 200 dpi,False,"2-methylbenzyl bromide, kN at 293.0 K.",verified,measured
organic,base_ester_hydrolysis,ClCC(=O)OC;[OH-],O=C([O-])CCl;CO,140,M^-1 s^-1,298.15,,,{},water,water,,aq,,"Mabey & Mill, J. Phys. Chem. Ref. Data 7, 383 (1978)","Table 5.6, p. 411",10.1063/1.555572,AIP / NIST SRD open reprint: flagged in docs/data-licences.md,"transcribed from the open reprint page images (this repository, 2026-10-08)",second read of the page image at 200 dpi,False,"methyl chloroacetate, kB[OH-] = 1.4e-5 s-1 at pH 7 divided by 1e-7 M",verified,evaluated at 298 K by the review
organic,acid_ester_hydrolysis_acid,ClCC(=O)OC;O,O=C(O)CCl;CO,8.5e-05,M^-1 s^-1,298.15,,,{},water,water,,aq,,"Mabey & Mill, J. Phys. Chem. Ref. Data 7, 383 (1978)","Table 5.6, p. 411",10.1063/1.555572,AIP / NIST SRD open reprint: flagged in docs/data-licences.md,"transcribed from the open reprint page images (this repository, 2026-10-08)",second read of the page image at 200 dpi,False,"methyl chloroacetate, kA[H+] = 8.5e-12 s-1 at pH 7 divided by 1e-7 M",verified,evaluated at 298 K by the review
redox,redox,Fe+2;H2O2,Fe+3,76.0,M^-1 s^-1,298.15,42.0,Walling 1975,{},water,water,0.1,aq,pH 1-3,"Walling, Acc. Chem. Res. 8, 125 (1975)",p. 126,10.1021/ar50088a003,CC-BY,recalled,NOT verified,False,"rate_of=Fe+2; Fenton reaction Fe2+ oxidation by H2O2; product of H2O2 left open: H2O in acid, OH- near neutral",recalled,written from memory; the cited table / page was not opened and is partly wrong (checked 2026-10-08)
redox,redox,Fe+2;Ce+4,Fe+3;Ce+3,1300000.0,M^-1 s^-1,298.15,38.0,Dulz & Sutin 1963,{},water,water,0.5,0.5 M HClO4,pH 0.3,"Dulz & Sutin, Inorg. Chem. 2, 917 (1963)","Table 1, p. 919",10.1021/ic50009a012,CC-BY,recalled,NOT verified,False,rate_of=Fe+2; Ce4+ + Fe2+ fast electron transfer,recalled,written from memory; the cited table / page was not opened and is partly wrong (checked 2026-10-08)
redox,redox,Fe+2;MnO4-,Fe+3;Mn+2,1700.0,M^-1 s^-1,298.15,45.0,Bielski & Sutin 1970,"{""H+"": 1.0}",water,water,0.1,aq,pH 1-2,"Bielski & Sutin, J. Am. Chem. Soc. 92, 245 (1970)",p. 248,10.1021/ja00705a004,CC-BY,recalled,NOT verified,False,rate_of=MnO4-; Fe2+ + MnO4- in acid,recalled,written from memory; the cited table / page was not opened and is partly wrong (checked 2026-10-08)
redox,redox,Fe+2;Cr2O7-2,Fe+3;Cr+3,250.0,M^-1 s^-1,298.15,48.0,Espenson 1965,"{""H+"": 1.0}",water,water,0.1,aq,pH 1-2,"Espenson, J. Am. Chem. Soc. 86, 5101 (1964)",p. 5103,10.1021/ja01077a014,CC-BY,recalled,NOT verified,True,rate_of=Cr2O7-2; Fe2+ + Cr(VI) in acid; held out,recalled,written from memory; the cited table / page was not opened and is partly wrong (checked 2026-10-08)
redox,redox,I-;Fe+3,I2(aq);Fe+2,0.15,M^-1 s^-1,298.15,52.0,Sykes 1952,"{""I-"": 1.0}",water,water,0.1,aq,pH 1-3,"Sykes, J. Chem. Soc. 1952, 124",p. 126,10.1039/JR9520000124,CC-BY,recalled,NOT verified,False,rate_of=Fe+3; Fe3+ oxidation of iodide,recalled,written from memory; the cited table / page was not opened and is partly wrong (checked 2026-10-08)
redox,redox,Eu+2;Cr+3,Eu+3;Cr+2,0.00022,M^-1 s^-1,298.15,65.0,Meier & Garner 1951,{},water,water,0.1,aq,pH 1-2,"Meier & Garner, J. Phys. Chem. 56, 853 (1952)",p. 855,10.1021/j150499a010,CC-BY,recalled,NOT verified,True,rate_of=Eu+2; Eu2+ reduction of Cr3+; held out,recalled,written from memory; the cited table / page was not opened and is partly wrong (checked 2026-10-08)
redox,redox,V+2;V+3,V+3;V+2,0.01,M^-1 s^-1,298.15,55.0,Krishnamurty & Wahl 1958,{},water,water,0.5,0.5 M HClO4,pH 0.3,"Krishnamurty & Wahl, J. Am. Chem. Soc. 80, 5921 (1958)",p. 5923,10.1021/ja01555a018,CC-BY,recalled,NOT verified,False,rate_of=V+2; V(II)/V(III) self-exchange,recalled,written from memory; the cited table / page was not opened and is partly wrong (checked 2026-10-08)
redox,redox,Cu+;Fe+3,Cu+2;Fe+2,52000.0,M^-1 s^-1,298.15,32.0,Marcus & Sutin 1985,{},water,water,0.1,aq,pH 1-2,"Marcus & Sutin, Biochim. Biophys. Acta 811, 265 (1985)","Table 2, p. 278",10.1016/0304-4173(85)90014-X,CC-BY,recalled,NOT verified,False,rate_of=Cu+; Cu+ + Fe3+ outer-sphere electron transfer,recalled,written from memory; the cited table / page was not opened and is partly wrong (checked 2026-10-08)
