# Solubility products (molar, 25 degC, ideal activities) of sparingly soluble ionic solids, compiled from the
# CRC Handbook of Chemistry and Physics / Lange's Handbook tables. One row per solid.
# ions = dissolved ions as id:stoichiometry joined by '|'  (PHREEQC-style ids, e.g. SO4-2, Fe+3)
# dh_kj = standard enthalpy of dissolution, kJ/mol (0 = unknown / assumed athermal)
# colour = sRGB hex of the solid; kind = powder|curds|gel|crystal|metal
# Rows with a positive log_ksp are *soluble* salts: the value caps their saturation concentration.
formula,name,ions,log_ksp,dh_kj,colour,kind,density
AgCl,Silver chloride,Ag+:1|Cl-:1,-9.75,65.7,#f4f4f2,curds,5.56
AgBr,Silver bromide,Ag+:1|Br-:1,-12.27,84.4,#efe8bd,curds,6.47
AgI,Silver iodide,Ag+:1|I-:1,-16.07,112.0,#e9d96b,curds,6.01
CuCl,Copper(I) chloride,Cu+:1|Cl-:1,-6.76,0,#f2f2ee,powder,4.14
CuBr,Copper(I) bromide,Cu+:1|Br-:1,-8.20,0,#e8e6dc,powder,4.72
CuI,Copper(I) iodide,Cu+:1|I-:1,-11.90,0,#d9ccb0,powder,5.67
PbCl2,Lead(II) chloride,Pb+2:1|Cl-:2,-4.77,23.4,#f4f4f2,crystal,5.85
PbBr2,Lead(II) bromide,Pb+2:1|Br-:2,-5.18,0,#f2f0e6,crystal,6.66
PbI2,Lead(II) iodide,Pb+2:1|I-:2,-8.01,46.5,#f2d41e,crystal,6.16
PbF2,Lead(II) fluoride,Pb+2:1|F-:2,-7.48,0,#f4f4f2,powder,8.45
Hg2Cl2,Mercury(I) chloride,Hg2+2:1|Cl-:2,-17.84,0,#f4f4f2,powder,7.15
Hg2Br2,Mercury(I) bromide,Hg2+2:1|Br-:2,-22.19,0,#f0eee0,powder,7.3
Hg2I2,Mercury(I) iodide,Hg2+2:1|I-:2,-28.28,0,#b9c24a,powder,7.7
HgI2,Mercury(II) iodide,Hg+2:1|I-:2,-28.54,0,#d9392b,powder,6.36
TlCl,Thallium(I) chloride,Tl+:1|Cl-:1,-3.73,0,#f4f4f2,powder,7.0
CaF2,Calcium fluoride,Ca+2:1|F-:2,-10.46,0,#f4f4f2,powder,3.18
MgF2,Magnesium fluoride,Mg+2:1|F-:2,-10.29,0,#f4f4f2,powder,3.15
BaF2,Barium fluoride,Ba+2:1|F-:2,-6.74,0,#f4f4f2,powder,4.89
SrF2,Strontium fluoride,Sr+2:1|F-:2,-8.36,0,#f4f4f2,powder,4.24
BaSO4,Barium sulfate,Ba+2:1|SO4-2:1,-9.97,26.0,#f6f6f4,powder,4.50
SrSO4,Strontium sulfate,Sr+2:1|SO4-2:1,-6.46,-2.1,#f4f4f2,powder,3.96
CaSO4,Calcium sulfate,Ca+2:1|SO4-2:1,-4.31,-17.0,#f4f4f2,powder,2.96
PbSO4,Lead(II) sulfate,Pb+2:1|SO4-2:1,-7.60,0,#f4f4f2,powder,6.29
Ag2SO4,Silver sulfate,Ag+:2|SO4-2:1,-4.92,17.8,#f4f4f2,crystal,5.45
Hg2SO4,Mercury(I) sulfate,Hg2+2:1|SO4-2:1,-6.19,0,#f2f2e8,powder,7.56
CaSO3,Calcium sulfite,Ca+2:1|SO3-2:1,-7.17,0,#f4f4f2,powder,2.6
Ag2SO3,Silver sulfite,Ag+:2|SO3-2:1,-13.8,0,#f4f4f2,powder,5.1
CaCO3,Calcium carbonate,Ca+2:1|CO3-2:1,-8.47,-12.1,#f6f6f4,powder,2.71
MgCO3,Magnesium carbonate,Mg+2:1|CO3-2:1,-5.17,0,#f4f4f2,powder,3.05
BaCO3,Barium carbonate,Ba+2:1|CO3-2:1,-8.59,0,#f4f4f2,powder,4.29
SrCO3,Strontium carbonate,Sr+2:1|CO3-2:1,-9.25,0,#f4f4f2,powder,3.50
PbCO3,Lead(II) carbonate,Pb+2:1|CO3-2:1,-13.13,0,#f4f4f2,powder,6.60
ZnCO3,Zinc carbonate,Zn+2:1|CO3-2:1,-9.84,0,#f4f4f2,powder,4.40
CuCO3,Copper(II) carbonate,Cu+2:1|CO3-2:1,-9.85,0,#5fb89a,powder,4.00
FeCO3,Iron(II) carbonate,Fe+2:1|CO3-2:1,-10.50,0,#c9c3a8,powder,3.90
MnCO3,Manganese(II) carbonate,Mn+2:1|CO3-2:1,-10.65,0,#e6d8d4,powder,3.70
NiCO3,Nickel(II) carbonate,Ni+2:1|CO3-2:1,-6.85,0,#a8d8a8,powder,4.40
CoCO3,Cobalt(II) carbonate,Co+2:1|CO3-2:1,-12.85,0,#d98aa8,powder,4.10
CdCO3,Cadmium carbonate,Cd+2:1|CO3-2:1,-12.0,0,#f4f4f2,powder,4.26
Ag2CO3,Silver carbonate,Ag+:2|CO3-2:1,-11.07,0,#e8e2b0,powder,6.08
Li2CO3,Lithium carbonate,Li+:2|CO3-2:1,-3.09,-18.2,#f4f4f2,powder,2.11
Mg(OH)2,Magnesium hydroxide,Mg+2:1|OH-:2,-11.25,0,#f6f6f4,gel,2.34
Ca(OH)2,Calcium hydroxide,Ca+2:1|OH-:2,-5.30,-16.7,#f4f4f2,powder,2.21
Al(OH)3,Aluminium hydroxide,Al+3:1|OH-:3,-33.5,0,#f4f4f2,gel,2.42
Fe(OH)3,Iron(III) hydroxide,Fe+3:1|OH-:3,-38.55,0,#9a4a1c,gel,3.40
Fe(OH)2,Iron(II) hydroxide,Fe+2:1|OH-:2,-16.31,0,#9fb59a,gel,3.40
Zn(OH)2,Zinc hydroxide,Zn+2:1|OH-:2,-16.5,0,#f4f4f2,gel,3.05
Ni(OH)2,Nickel(II) hydroxide,Ni+2:1|OH-:2,-15.26,0,#7fc78a,gel,4.10
Co(OH)2,Cobalt(II) hydroxide,Co+2:1|OH-:2,-14.23,0,#d9779a,gel,3.60
Mn(OH)2,Manganese(II) hydroxide,Mn+2:1|OH-:2,-12.69,0,#ebe3d8,gel,3.26
Cr(OH)3,Chromium(III) hydroxide,Cr+3:1|OH-:3,-30.2,0,#6aa07a,gel,3.00
Pb(OH)2,Lead(II) hydroxide,Pb+2:1|OH-:2,-19.84,0,#f4f4f2,gel,7.60
Cd(OH)2,Cadmium hydroxide,Cd+2:1|OH-:2,-14.14,0,#f4f4f2,gel,4.79
Sn(OH)2,Tin(II) hydroxide,Sn+2:1|OH-:2,-27.26,0,#f4f4f2,gel,3.50
AgOH,Silver(I) oxide / hydroxide,Ag+:1|OH-:1,-7.7,0,#6b4a2e,powder,7.14
CuS,Copper(II) sulfide,Cu+2:1|S-2:1,-36.1,0,#1c1c20,powder,4.76
Cu2S,Copper(I) sulfide,Cu+:2|S-2:1,-46.7,0,#202024,powder,5.60
Ag2S,Silver sulfide,Ag+:2|S-2:1,-49.2,0,#1e1e22,powder,7.23
ZnS,Zinc sulfide,Zn+2:1|S-2:1,-21.6,0,#f2f2ee,powder,4.09
CdS,Cadmium sulfide,Cd+2:1|S-2:1,-26.1,0,#f2c200,powder,4.82
PbS,Lead(II) sulfide,Pb+2:1|S-2:1,-27.1,0,#1a1a1e,powder,7.60
HgS,Mercury(II) sulfide,Hg+2:1|S-2:1,-51.8,0,#241a1c,powder,8.10
FeS,Iron(II) sulfide,Fe+2:1|S-2:1,-18.1,0,#222224,powder,4.84
NiS,Nickel(II) sulfide,Ni+2:1|S-2:1,-18.5,0,#1e1e22,powder,5.50
CoS,Cobalt(II) sulfide,Co+2:1|S-2:1,-20.4,0,#1e1e22,powder,5.45
MnS,Manganese(II) sulfide,Mn+2:1|S-2:1,-12.6,0,#e8b4a0,powder,3.99
SnS,Tin(II) sulfide,Sn+2:1|S-2:1,-25.0,0,#6a5648,powder,5.08
Bi2S3,Bismuth(III) sulfide,Bi+3:2|S-2:3,-97.0,0,#4a3a30,powder,6.78
Ca3(PO4)2,Calcium phosphate,Ca+2:3|PO4-3:2,-32.68,0,#f4f4f2,powder,3.14
Ag3PO4,Silver phosphate,Ag+:3|PO4-3:1,-16.05,0,#e8cf4a,powder,6.37
Mg3(PO4)2,Magnesium phosphate,Mg+2:3|PO4-3:2,-23.98,0,#f4f4f2,powder,2.20
Ba3(PO4)2,Barium phosphate,Ba+2:3|PO4-3:2,-38.22,0,#f4f4f2,powder,4.10
Zn3(PO4)2,Zinc phosphate,Zn+2:3|PO4-3:2,-32.05,0,#f4f4f2,powder,3.99
Pb3(PO4)2,Lead(II) phosphate,Pb+2:3|PO4-3:2,-42.1,0,#f4f4f2,powder,6.90
FePO4,Iron(III) phosphate,Fe+3:1|PO4-3:1,-21.89,0,#e8dcb4,powder,2.87
AlPO4,Aluminium phosphate,Al+3:1|PO4-3:1,-20.0,0,#f4f4f2,powder,2.56
Cu3(PO4)2,Copper(II) phosphate,Cu+2:3|PO4-3:2,-36.86,0,#5fb0c8,powder,3.20
Ag2CrO4,Silver chromate,Ag+:2|CrO4-2:1,-11.95,0,#9c3a22,crystal,5.63
BaCrO4,Barium chromate,Ba+2:1|CrO4-2:1,-9.93,0,#ecd44a,powder,4.50
PbCrO4,Lead(II) chromate,Pb+2:1|CrO4-2:1,-12.55,0,#f0c814,powder,6.12
SrCrO4,Strontium chromate,Sr+2:1|CrO4-2:1,-4.66,0,#ecd44a,powder,3.90
CaC2O4,Calcium oxalate,Ca+2:1|C2O4-2:1,-8.63,0,#f4f4f2,powder,2.20
BaC2O4,Barium oxalate,Ba+2:1|C2O4-2:1,-6.8,0,#f4f4f2,powder,2.66
SrC2O4,Strontium oxalate,Sr+2:1|C2O4-2:1,-7.25,0,#f4f4f2,powder,2.50
MgC2O4,Magnesium oxalate,Mg+2:1|C2O4-2:1,-5.32,0,#f4f4f2,powder,2.45
PbC2O4,Lead(II) oxalate,Pb+2:1|C2O4-2:1,-9.32,0,#f4f4f2,powder,5.28
Ag2C2O4,Silver oxalate,Ag+:2|C2O4-2:1,-11.27,0,#f4f4f2,powder,5.03
ZnC2O4,Zinc oxalate,Zn+2:1|C2O4-2:1,-8.86,0,#f4f4f2,powder,2.56
FeC2O4,Iron(II) oxalate,Fe+2:1|C2O4-2:1,-6.5,0,#e6d060,powder,2.28
CuC2O4,Copper(II) oxalate,Cu+2:1|C2O4-2:1,-9.35,0,#9ac8d8,powder,3.17
MnC2O4,Manganese(II) oxalate,Mn+2:1|C2O4-2:1,-6.77,0,#f0e6e0,powder,2.43
NiC2O4,Nickel(II) oxalate,Ni+2:1|C2O4-2:1,-9.4,0,#b8d8b0,powder,2.20
CdC2O4,Cadmium oxalate,Cd+2:1|C2O4-2:1,-7.85,0,#f4f4f2,powder,3.32
CoC2O4,Cobalt(II) oxalate,Co+2:1|C2O4-2:1,-7.2,0,#e8b0c4,powder,3.02
AgCN,Silver cyanide,Ag+:1|CN-:1,-16.22,0,#f4f4f2,powder,3.95
AgSCN,Silver thiocyanate,Ag+:1|SCN-:1,-11.99,0,#f4f4f2,curds,3.70
CuSCN,Copper(I) thiocyanate,Cu+:1|SCN-:1,-12.75,0,#ece8dc,powder,2.84
AgIO3,Silver iodate,Ag+:1|IO3-:1,-7.5,0,#f4f4f2,powder,5.53
Pb(IO3)2,Lead(II) iodate,Pb+2:1|IO3-:2,-12.43,0,#f4f4f2,powder,6.20
Ba(IO3)2,Barium iodate,Ba+2:1|IO3-:2,-8.40,0,#f4f4f2,powder,5.00
Ca(IO3)2,Calcium iodate,Ca+2:1|IO3-:2,-5.19,0,#f4f4f2,powder,4.50
Cu(IO3)2,Copper(II) iodate,Cu+2:1|IO3-:2,-7.16,0,#7ab8c8,powder,5.20
AgBrO3,Silver bromate,Ag+:1|BrO3-:1,-4.27,0,#f4f4f2,powder,5.20
KClO4,Potassium perchlorate,K+:1|ClO4-:1,-1.98,50.0,#f4f4f2,crystal,2.52
NaCl,Sodium chloride,Na+:1|Cl-:1,1.57,3.9,#f4f4f2,crystal,2.16
KCl,Potassium chloride,K+:1|Cl-:1,1.33,17.2,#f4f4f2,crystal,1.99
NaBr,Sodium bromide,Na+:1|Br-:1,1.93,-0.6,#f4f4f2,crystal,3.21
KBr,Potassium bromide,K+:1|Br-:1,1.50,19.9,#f4f4f2,crystal,2.74
NaI,Sodium iodide,Na+:1|I-:1,2.16,-7.5,#f4f4f2,crystal,3.67
KI,Potassium iodide,K+:1|I-:1,1.89,20.3,#f4f4f2,crystal,3.12
NaNO3,Sodium nitrate,Na+:1|NO3-:1,2.07,20.5,#f4f4f2,crystal,2.26
KNO3,Potassium nitrate,K+:1|NO3-:1,1.00,34.9,#f4f4f2,crystal,2.11
AgNO3,Silver nitrate,Ag+:1|NO3-:1,2.16,22.6,#f4f4f2,crystal,4.35
NH4Cl,Ammonium chloride,NH4+:1|Cl-:1,1.74,14.8,#f4f4f2,crystal,1.53
NH4NO3,Ammonium nitrate,NH4+:1|NO3-:1,2.83,25.7,#f4f4f2,crystal,1.72
NaOH,Sodium hydroxide,Na+:1|OH-:1,2.86,-44.5,#f4f4f2,powder,2.13
KOH,Potassium hydroxide,K+:1|OH-:1,2.56,-57.6,#f4f4f2,powder,2.04
Na2SO4,Sodium sulfate,Na+:2|SO4-2:1,1.44,-2.3,#f4f4f2,crystal,2.66
K2SO4,Potassium sulfate,K+:2|SO4-2:1,0.02,23.8,#f4f4f2,crystal,2.66
Na2CO3,Sodium carbonate,Na+:2|CO3-2:1,1.57,-26.7,#f4f4f2,powder,2.54
K2CO3,Potassium carbonate,K+:2|CO3-2:1,3.30,-28.1,#f4f4f2,powder,2.43
CaCl2,Calcium chloride,Ca+2:1|Cl-:2,3.08,-81.3,#f4f4f2,powder,2.15
MgCl2,Magnesium chloride,Mg+2:1|Cl-:2,2.87,-160.0,#f4f4f2,crystal,2.32
BaCl2,Barium chloride,Ba+2:1|Cl-:2,1.29,-13.2,#f4f4f2,crystal,3.86
CuSO4,Copper(II) sulfate,Cu+2:1|SO4-2:1,0.29,-66.5,#c8d8e8,crystal,3.60
MgSO4,Magnesium sulfate,Mg+2:1|SO4-2:1,0.92,-91.2,#f4f4f2,crystal,2.66
ZnSO4,Zinc sulfate,Zn+2:1|SO4-2:1,1.04,-81.3,#f4f4f2,crystal,3.54
Pb(NO3)2,Lead(II) nitrate,Pb+2:1|NO3-:2,1.20,0,#f4f4f2,crystal,4.53
